Developer;Název projektu;Odkaz na web;Počet jednotek
Boutiq Development;Karleen;https://cms.realpad.eu;1
GP Plus;Rodinné domy Kateřinky;;12
Aurora Real Invest;Rezidence Barchovická;;6
BAK Development;Rezidence Nové domy;;6
Dobrá realitka;Rezidence Plzeňská 78;;12
PSN;Bydlení u pekáren;https://psn.cz;22
Bidli;Villa Toužimská;;15
Výstavba RD Březiněves;Greenland Březiněves I;;16
BPD Development;Na pramenech;;24
ČSNF SICAV;Rodinné domy Kolovraty;https://rezidencekolovraty.cz;25
Doma je Doma;Evergreen - domy;https://www.evergreen-praha.cz;19
Zdiměřická;City park home;http://www.cphome.cz;35
Nikmar Invest;Slaviborský dvůr;https://www.bydlenitrebo.cz;19
Fyzická osoba;Rezidence Hlušičkova;https://www.hlusickovarezidence.cz;3
Výstavba RD Březiněves;Greenland Březiněves II;https://greenland-brezineves.cz;27
Tercal;U Nebušického potoku;;6
Prague Classic Development;Nové Miškovice 1A - Domy;https://novemiskovice.cz;20
První Chodská Develop;Nové byty v Chrášťanech;https://chrastany.chodskadevelop.cz;23
RN Development;Vila Rokoska;;13
Metrostav Development;Byty u parku na Vackově;https://byty.navackove.cz;272
Sun Villas;Vily Řeporyje;;9
Výstavba RD Březiněves;Greenland Březiněves III;;27
GI Developers;Prokopská brána;;7
EKOSPOL;Ekocity Hostivař - dům E;;126
SUGAR HILL REZIDENCE;Rezidence Sugar Hill;;6
CPI Property Group;Rezidence Malkovského;https://www.cpirezidence.cz;59
Landia Management;Zátiší Lysolaje - domy;;57
QN DOMOV;Viladomy Třešňová;https://qndomov.cz;7
Nikmar Invest;Slaviborský dvůr - domy;https://www.bydlenitrebo.cz;6
GENOMA;Turnovská 8;;25
MS Invest;Žižkovské pavlače;;1
CRESTYL real estate;Ke dvoru;;5
NOVÉ KRÁLOVICE;Nové Královice III;https://www.novekralovice.cz;29
MS Invest;Rodinné domy Satalice;;46
MS Invest;Bydlení Kutnohorská - domy;https://domy.bydlenikutnohorska.cz;32
ČSNF SICAV;Rezidence u mlýna;https://rezidenceumlyna.cz;19
Maverick Group;Rezidence Prokopka;;14
Mercator;Průběžná 28;https://www.realpartners.cz;11
KONHEFR Počernice;Konhefrovy domy;https://konhefrovydomy.cz;33
MS Invest;Rodinné domy Letňany;;30
Skanska Residential;Albatros Kbely 3;https://residential.skanska.cz;33
YIT CZ;Parvi Cibulka;;35
VIVUS;Vivus Uhříněves V;https://vivus.cz;219
City Home;Ke Koulce 6;https://www.city-home.cz;10
Na Baních;Řadové domy Na Baních;https://dum-nabanich.cz;6
MS Invest;Rezidence Chodovec - domy;https://rezidencechodovec.cz;6
PSN;Bydlení Sinkulova;https://bydlenisinkulova.cz;19
Skanska Residential;Albatros Kbely 2;;9
Prague Be Nice;Be nice;;8
MS Invest;Rodinné domy Ruzyně;;20
Natland Real Estate;Prague city golf apartments;;7
EKOSPOL;Výhledy Barrandov II A+B;;151
Gartal;Maison 1832 Lofts;https://gartal.cz;13
CENTRAL GROUP;Harfa Living - B;;244
Bytový dům Oldřichova 53;Oldřichova 53;;9
Skanska Residential;Albatros Kbely 1;https://residential.skanska.cz;1
Landia Management;Zahradní čtvrť Kyje II.;https://www.zahradnictvrtkyje.cz;19
KAPRAIN Development;Zelený Chodovec - domy;;10
Doma je Doma;ŘD Evergreen+;;6
ČSNF SICAV;Rezidence Kolovraty;;64
V Zahradách 19;V zahradách 19;https://vzahradach19.cz;20
Bydlení Ďáblice;RD Ďáblice I.;https://rddablice.cz;17
Lhotka Living;Lhotka living;;54
Gartal;Signature Kolovraty;;12
EKOSPOL;Ekocity Hostivař - dům D;;125
Byty Jahodnice;Byty Jahodnice;https://www.bytyjahodnice.cz;42
K Vilkám;Mezi vilkami;https://www.mezivilkami.cz;3
Výstavba RD Březiněves;Greenland Březiněves IV;;32
MS Invest;Byty Laudova;;19
Top Estates Group;Barrandez-vous I;;173
PSN;Myslbekova 15;https://myslbekova.cz;10
PSN;Bydlení Hanusova;https://www.bydlenihanusova.cz;18
ED Group;RD u Hostivařské přehrady;https://www.hostivarska-prehrada.cz;5
INOFEOS;Průhonické panství;https://www.inofeos.cz;3
Konhefr;Domy Bílý Vrch;https://www.domybilyvrch.cz;35
IMMO Building;Bydlení Kbeličky;;46
Metrostav Development;Malešický háj;;107
MS Invest;Domy Ďáblická hvězdárna;;24
JURIS REAL Living;RD Štěrboholy II.;https://www.jrliving.cz;25
PMS;Nové byty Sobín;;38
CENTRAL GROUP;Viladomy Letňany;;18
SATPO;Dům HORNÍ 9;;4
LIPNICKÁ DEVELOP;Areál rajská zahrada - Čihadla II;;9
FINEP CZ;Malý háj XII;https://www.finep.cz;51
PSN;Družstevní Ochoz;https://www.druzstevniochoz.cz;10
Landia Management;Zátiší Lysolaje;;8
Real Luxembourg;Husitská 60;https://www.husitska60.cz;11
Skanska Residential;Albatros Kbely 4;https://residential.skanska.cz;66
Bidli;Byty Brejchovna;https://bytybrejchovna.cz;4
City Home;Žateckých 14;;3
Bytový dům Hofbauerova;Byty Hofbauerova;https://www.bytyhofbauerova.cz;44
Gartal;Zelené Kaskády;https://gartal.cz;84
FINEP CZ;Rezidence u Šárky VI;;42
Skanska Residential;Čtvrť Emila Kolbena 2;https://residential.skanska.cz;1
Neocity;Veni Vidi Vinoř - domy;https://www.vidivinor.cz;8
FINEP CZ;Kaskády Barrandov XVIII;https://www.finep.cz;37
Rezidence nad Berounkou;Rezidence nad Berounkou;https://rezidence-nad-berounkou.cz;30
Skanska Residential;Čtvrť Emila Kolbena - Alfred;https://residential.skanska.cz;98
Czech Buildings;Melounová;https://www.czechbuildings.cz;2
DOMY POD LÍPOU;Domy pod Lípou;;16
SAS GLOBAL DEVELOPMENTS;Rezidence Křišťanova;https://www.kristanova9.cz;15
Neocity;SBH Living;;69
Květnice Real;Rodinné domy Hlušičkova;https://rdhlusickova.cz;6
BRETTON ING;Řadové rodinné domy Písnice - Ke Kašně;;9
CPI Property Group;Kolbenova park - C;https://klbnvpark.cz;245
City Home;Slezská 75;;15
FINEP CZ;Rezidence u Šárky IV;;5
ČSNF SICAV;Lofty Letná (Praha);;3
Skanska Residential;Modřanský cukrovar 1;https://residential.skanska.cz;37
CREDITAS Real Estate Management;Jinonický dvůr 2.etapa;https://www.creditasre.cz;49
CENTRAL GROUP;Rezidenční čtvrť Tesla Hloubětín EFGH;;358
FINEP CZ;Harfa Park IX;https://www.finep.cz;5
FINEP CZ;Kaskády Barrandov XIX;;138
FINEP CZ;Malý háj X;https://www.finep.cz;15
FINEP CZ;Rezidence u Šárky VIII;https://www.finep.cz;36
FINEP CZ;Rezidence u Šárky IX;https://www.finep.cz;31
EKOSPOL;Výhledy Barrandov II C+D;;153
VIVUS;Vivus Kolbenova I;https://vivus.cz;251
Doma je Doma;Evergreen - byty;;57
VIVUS;Vivus Kolbenova II;https://www.vivus.cz;165
FINEP CZ;Malý háj XI;;16
FINEP CZ;Byty nad Krocínkou III;https://www.finep.cz;109
FINEP CZ;Byty Nad Krocínkou II;https://www.finep.cz;72
YIT CZ;Ranua;https://www.yit.cz;25
Esty;Rezidence Odra;https://odrarezidence.cz;88
Mint Investment;Alfa Residence;https://www.alfaresidence.cz;76
FINEP CZ;Kaskády Barrandov XVII;https://www.finep.cz;20
Prague Classic Development;Nové Miškovice 1A - Byty;https://novemiskovice.cz;15
CANABA Development;Greenside;;128
YIT CZ;Vesi Hostivař;https://www.yit.cz;108
Pražské Rezidence;Rezidence Černokostelecká 6;;25
CENTRAL GROUP;Rezidenční čtvrť Tesla Hloubětín ABCD;;136
FINEP CZ;Byty Nad Krocínkou I;https://www.finep.cz;49
PSN;Žít Braník;;57
PSN;Na Petynce;;5
PSN;Jeseniova 93;https://psn.cz;50
Rezidence Danielova;Rezidence Danielova;https://rezidencedanielova.cz;22
JRD Development;Vital Kamýk;https://www.jrd.cz;60
Skanska Residential;Habitat;https://residential.skanska.cz;124
Rezidence Stříbrná zahrada;Rezidence Stříbrná zahrada;;28
EKOSPOL;Ekocity Hostivař - dům C;;192
Villa domy Újezd;Viladomy Újezd;https://www.viladomy-ujezd.cz;30
CENTRAL GROUP;U Hostivařské přehrady;;213
ED Group;Rezidence Michelský Park;;11
Naevia Group;Rezidence Točná;;12
CoreStone;Rezidence Horní Stromka;https://www.corestone.cz;2
FINEP CZ;Malý háj XIV;https://www.finep.cz;20
EXAFIN;Vista Troja;https://www.vistatroja.cz;51
VIVUS;Vivus golf resort;https://www.vivus.cz;196
InterCora Stodůlky;Vily Stodůlky Jih;https://www.vilystodulky.cz;10
SYNER / Kaprain;Byty Letnian;https://letnian.cz;144
Natland Real Estate;Na Viktorce;https://www.natlandre.cz;8
Lexxus Norton;Rezidence U Tvrze;;9
CENTRAL GROUP;Výhledy Chodovec;;102
PSN;Skyline Chodov;https://skylinechodov.cz;186
CENTRAL GROUP;Viladomy Pitkovice IJKLMNO;;168
YIT CZ;Happi Milánská;https://www.yit.cz;64
Sekyra Group;Rezidence Čakovice D;;75
Sekyra Group;Rezidence Čakovice B;;62
KKCG Real Estate Group;Top Rezidence Pomezí;;38
Skanska Residential;Modřanský cukrovar 2;https://residential.skanska.cz;115
KKCG Real Estate Group;Bydlení META Lofts;;183
EDIFICE Poděbradská;Poděbradská 52;;3
Exclusive Properties;Bílá skála;https://www.bilaskala.ep.cz;11
Venus Investment Group;Rezidence v údolí;https://www.rezidence-udoli.cz;21
Civilista Development;Domy v Dubči;https://www.domyvdubci.cz;8
SMV Invest;Statek Přední Kopanina;https://www.statekprednikopanina.cz;25
DMG Stav;Rezidence Spojovací;;40
JRD Development;Green port Strašnice;;146
CENTRAL GROUP;Viladomy Počernice;;164
City Home;Na Václavce;https://www.city-home.cz;19
Realitní fond Praha;Rezidence Milíčova;;25
R-Credit;Rezidence Wiesenthalova;https://wiesenthalova.cz;10
FINEP CZ;Kaskády Barrandov XX;https://www.finep.cz;87
Mira Petrovice;Mira Petrovice;https://www.mirapetrovice.cz;46
CONTI Development;Sky City Villas I;;2
T.L.S Michle;Rezidence Kapitol;https://www.google.com;12
Natland Real Estate;Lysolajský dvůr;https://www.natlandre.cz;43
SMV Invest;Dvojdomy Řeporyje;https://dvojdomyreporyje.cz;6
Horizon Holding;Moje Zahálka;https://www.mojezahalka.cz;188
Gepard Reality;Viladům Plzeňská;https://www.sreality.cz;4
SD Čakovice;Mezi Vilami Čakovice;https://mezivilami-cakovice.cz;17
BAK Development;Rezidence Vysočanská vyhlídka;;18
RS Real Estate;Starokošířská avenue;;71
Bidli;Mechanika Žižkov;https://rezidencemechanika.cz;112
MS Invest;Rezidence Chodovec - byty;https://rezidencechodovec.cz;77
Metrostav Development;Nad skálou Barrandov;;127
Gepard Reality;Rezidence V Zámcích;https://www.rezidencevzamcich.cz;10
Metrostav Development;Byty na Vackově;https://byty.navackove.cz;240
PSN;Rostislavova 4;https://psn.cz;17
BEMETT;Viladomy Čimický háj A2;https://www.premiovebydleni.cz;18
BAK Development;Rezidence Komořanská 15;;24
Rezidence Lochkov;Rezidence Lochkov;https://rezidence-lochkov.cz;15
FINEP CZ;Byty Britská čtvrť XVI;https://www.finep.cz;3
Boutiq Development;Peckova 11;https://cms.realpad.eu;3
Skanska Residential;Čtvrť Emila Kolbena - KAM;https://residential.skanska.cz;134
IMMO Building;Bydlení Kbeličky - byty;;40
EXAFIN;Klamovka 5;https://www.klamovka5.cz;113
MS Invest;Byty Dělnická;;1
HOSTIVAŘSKÁ IS;Pod Jalovým Dvorem;https://www.podjalovymdvorem.cz;17
SPGroup;Rezidence Zličínské prameny;https://www.viladomyzlicin.cz;44
VIVUS;Vivus Uhříněves VI - domy;https://www.vivus.cz;15
Park Nebušice;Sunset Nebušice;;19
EKOSPOL;Ekocity Hostivař - dům B;;125
Luxury Home;Nové Kbely;https://www.novekbely.cz;100
CONTI Development;Sky City Villas II;;4
BEMETT;Viladomy Čimický háj A3;https://www.premiovebydleni.cz;18
BELANDRA;Rezidence Kloboučnická;https://www.rezidence-kloboucnicka.cz;23
První Hodkovičská;Rezidence nad lesem;;6
SFG Development;Gotthard Yard;https://www.gotthardyard.cz;25
Czech Buildings;Křižíkova;;3
YIT CZ;SIJA Kamýk;;122
BEMETT;Viladomy Čimický háj A1;https://www.premiovebydleni.cz;18
YIT CZ;TORNIO;;72
Real Luxembourg;Elišky Přemyslovny 428;https://www.elisky-premyslovny428.cz;9
City Home;Mělnická 12;;4
FINEP CZ;Malý háj XIII;https://www.finep.cz;69
UBM Development Czechia;Neugraf;;177
RS Real Estate;Garden Living;https://gardenliving.cz;82
ED Group;Bytový dům Stodůlky;;32
Maloja Investment SICAV;Loko Libeň;https://www.lokoliben.cz;25
CPI Property Group;Zahraďák AB;https://zahradak.cz;251
RE/MAX Future;Na Neklance 805;;24
YIT CZ;Kemi;https://www.yit.cz;18
Bydlení mezi vrchy;Bydlení mezi vrchy;;27
Neocity;Veni Vidi Vinoř;https://www.vidivinor.cz;126
BAK Development;Rezidence Pod Jankovem;;9
CPI Property Group;Zahraďák I;https://zahradak.cz;46
Strakonická CZ;Strakonická 15;https://www.strakonicka15.cz;34
Geosan Development;Benkova Rezidence;https://www.benkova-rezidence.cz;40
VI Group CZ;Kolčavka;;54
EBM Group;Villa Resort Kbely I.;https://www.ebmgroup.cz;16
FINEP CZ;Byty Britská čtvrť XV;;29
UBM Development Czechia;Arcus City II;https://www.arcus-city.cz;66
VITKOVIA CENTRUM;Vitkovia centrum;https://vitkovia.cz;14
MS Invest;Výhledy Řeporyje;https://www.vyhledyreporyje.cz;105
SQUARE Real Estate;Varta;;37
ARKADE Bau;Rezidence Dalejská;https://arkadebau.cz;14
Daramis;Zelené město Heights;;175
WADIA;Viladomy Uhříněves;https://www.viladomy-uhrineves.cz;63
ECC CITY;Villa pod Menhirem;;44
ABC claim;Rezidence Seifertova;https://rezidence-seifertova.cz;32
Boutiq Development;Lario - domy;https://www.lario.cz;8
CENTRAL GROUP;Viladomy Pitkovice EFGH;;97
City Home;Vosmíkových 3;https://www.city-home.cz;7
Tempus development;Park Újezd;;37
Real Luxembourg;Výhledy Podolí;;20
Boutiq Development;Chlumova 3;https://chlumova3.cz;27
Uhříněvská Zahrada;Uhříněvská Zahrada;https://uhrinevskazahrada.cz;86
YIT CZ;RIVI Bachova;https://www.yit.cz;39
Star Group;Nové Chabry - H;;120
PSN;Pecháčkova 6;https://psn.cz;22
Linkin Invest II;Nové Modřany;https://www.novemodrany.cz;150
Realitní Fond Praha;Žitomírská 2;;22
UBM Development Czechia;Arcus City;;150
PNYD;Terasy Hlibert;https://www.terasyhilbert.cz;3
SHD Real Estate;Rezidence Klíčov;https://rezidenceklicov.cz;55
VP Developers;Rezidence Uhříněves;https://rezidenceuhrineves.cz;15
CS Developia;Blok 12;https://www.blok12.eu;39
Rezidence Kardašovská;Rezidence Kardašovská;https://www.kardasovska.cz;36
VIVUS;Vivus Zahradní Město;https://www.vivus.cz;37
CENTRAL GROUP;Harfa Living - C;;235
Casu Invest;Suchdolské náměstí;https://www.suchdolskenamesti.cz;103
CRONESTA DEVELOPMENT;Výhledy Rokytka;;18
Střížkovský Dvůr;Střížkovský Dvůr;https://www.strizkovskydvur.cz;34
EVROPA Development Group;Rohák u Botiče;https://rohakubotice.cz;18
JRD Development;Horizont Kamýk;https://www.horizontkamyk.cz;77
BEMETT;Viladomy Čimický háj B3;https://www.premiovebydleni.cz;20
BAK Development;Rezidence Elišky Přemyslovny;;35
Trigema;PAPRSEK Stodůlky;https://c.bydleni-stodulky.cz;229
WADIA;Viladomy Uhříněves II.;https://www.viladomy-uhrineves.cz;88
CANABA Development;BD Čakovice I.;;34
U Práčského dvora;U Práčského dvora;;32
EXAFIN;Radotínsky dvůr;;72
Real Luxembourg;Palackého náměstí 2;;6
FINEP CZ;Kaskády Barrandov XXI;https://www.finep.cz;74
BEMETT;Viladomy Čimický háj B2;https://www.premiovebydleni.cz;20
EKOSPOL;Ekorezidence Strašnice;;64
Revival Byty;Rezidence Za návsí;https://rezidencezanavsi.cz;11
Daramis;Rezidence Vokovice II;https://rezidence-vokovice2.cz;16
Daramis;Zelené město 3;https://www.zelenemesto3.cz;2
EBM Group;Meander Kbely;https://www.ebmgroup.cz;96
KAPRAIN Development;Zelený Chodovec - byty;;54
FLY PROJECT 1;Na Čečeličce;;3
ED Group;Vila park Stodůlky;https://www.vilaparkstodulky.cz;55
Gartal;Pod Bertramkou;https://gartal.cz;41
City Home;Nad Kajetánkou 12;;8
Geosan Development;Rezidence Neklanka 2;;31
EKOSPOL;Ekocity Hostivař - dům A;;125
CENTRAL GROUP;Rezidenční čtvrť Tesla Hloubětín IJKL;;357
CENTRAL GROUP;Rezidence Kotlaska;;29
Residence Bohemia;Residence Bohemia;;8
VIVUS;Vivus Uhříněves VI - byty;https://www.vivus.cz;54
Daramis;L1FE House;https://l1fe.cz;249
BAK Development;Rezidence Komořanská 17;;14
CENTRAL GROUP;Residence Basilejské náměstí;;59
Bohemia Home;Rodinné Domy Praha-Nedvězí;https://domynedvezi.cz;21
OTHERWISE Czech;Rezidence Nad Klášterem;;19
LUXURY REALITY;THE TRIANGLE A;https://www.luxurycz.cz;21
YIT CZ;Suomi Tampere;https://www.yit.cz;68
CENTRAL GROUP;Viladům Výhledy Chodovec;;32
Arbfaa Capital;Idylka Lochkov;https://www.idylkalochkov.cz;38
BOGACI;Nové byty U Krkavců;https://bytydlouha.cz;6
Vertex Fund;Rezidence Prosecká vyhlídka;https://proseckavyhlidka.cz;7
CPI Property Group;Kolbenova park - F, D;;272
Rezidence Biograf;Rezidence Biograf;;6
RPK Vršovice;Byty na Míčánkách;https://www.bytynamicankach.cz;5
Boutiq Development;Tachovské náměstí 5;;29
Rezidence Sestupná;Rezidence Sestupná 18;https://www.sestupna18.cz;10
CENTRAL GROUP;Rezidence Libeňský park;;1
Slunečné terasy;Villa bytový dúm Branická;;24
DELICODE;Jaromírova 4;;22
Vila dům Libuše;Viladům Libuše;;4
YIT CZ;RANTA Barrandov III;https://www.yit.cz;56
CENTRAL GROUP;Viladomy Střížkov;;36
CC Real;Rezidence Prokopský potok;https://www.prokopskypotok.cz;43
Real Luxembourg;Rezidence Jarov;https://www.rezidence-jarov.cz;9
Jart Developments;U Arborky Satalice;https://uarborky.cz;36
Pitkovický dvůr;Pitkovický dvůr A+B;https://www.pitkovickydvur.cz;17
Svoboda & Williams;Svornosti 27;;17
Galstian&Galstian Group;Rezidence Neklanka Koulka;https://www.neklanka-koulka.cz;22
ISN Company;Rezidence u Vinohradu;;37
Real-Treuhand Reality;Rezidence Zenklova;https://rezidencezenklova.cz;46
FINEP CZ;Kaskády Barrandov XXII;https://www.finep.cz;82
Metrostav Development;Vilapark Klamovka;;116
VIVUS;Vivus Žižkov;https://www.vivus.cz;109
Skanska Residential;Albatros Kbely 5 - Charlie;https://residential.skanska.cz;175
EKOSPOL;Ekocity Hostivař - dům F;;58
CENTRAL GROUP;Rezidence Jižní terasy;;64
Horizon Holding;Arboret;https://www.arboret.cz;63
CENTRAL GROUP;Rezidence Viladomy Malvazinky;;13
Casu Invest;Jaselská 33;;10
Metrostav Development;Nad skálou Barrandov - 2. etapa;;138
Velichovská 1725/1;Rezidence Prokopské údolí;;4
Zen Rezidence;Zen Rezidence;https://www.zen-rezidence.cz;37
VIVUS;Vivus Kolbenova III;https://www.vivus.cz;96
Rezidence 49;Rezidence Klánova 49;https://klanova49.cz;5
CRESTYL real estate;Hagibor I;https://www.hagibor.cz;152
CENTRAL GROUP;Harfa Living - A;;122
Veverkova 19;Residence Veverkova 19;;22
Real Luxembourg;Dům u Tyrše;https://www.dum-utyrse.cz;23
Doma je Doma;Trio Radotín;;205
FINEP CZ;Byty Britská čtvrť XVIII;https://www.finep.cz;61
Metrostav Development;Mido Harfa;;150
Trigema;Dueta Kamýk;https://dueta.trigema.cz;168
Star Group;Nové Chabry - I;;122
Penta Real Estate;Nuselský pivovar;https://www.nuselsky-pivovar.com;238
Skanska Residential;Modřanský cukrovar 3;;130
MS Invest;Bydlení Kutnohorská - byty;https://byty.bydlenikutnohorska.cz;24
Boutiq Development;Lario;https://www.lario.cz;74
PSN;Bělehradská 29;;21
FINEP CZ;Byty Nad Krocínkou IV;https://www.finep.cz;64
Revival Byty;Rezidence Želivská;https://rezidencezelivska.cz;8
Byty Chuchle;Byty Chuchle;https://www.bytychuchle.cz;27
JRD Development;Rezidence Terra Barrandov;;171
Green Oak Residence;Green Oak Residence I.etapa;https://www.green-oak-residence.cz;20
AFI Europe;Villa domy Třebešín;;25
Luxury Home;Panorama Roztyly;;74
ACORD Invest;Carolina corner;https://carolinacorner.cz;9
CENTRAL GROUP;Rezidence parková čtvrť;;137
Atlantis Development;Via Sancta Vinoř;https://www.viasancta.cz;216
Penta Real Estate;Nová Waltrovka - H;https://www.etapah.novawaltrovka.cz;38
MP Kolbenka;Lofty Kolbenova;https://www.loftykolbenova.cz;215
CENTRAL GROUP;Rezidence Radlické výhledy;;56
PSN;Pod Drinopolem;https://psn.cz;24
Hostivařská developerská;Bydlení Pražská;;27
Dolfin Homes;Londýnská;https://www.londonhouse.cz;30
Vila LUKA;Vila Luka;;6
Landia Management;RD Broumarská;https://broumarska.cz;12
JRD Development;Císařská vinice;;72
CENTRAL GROUP;Viladomy Střížkov 2.etapa;;48
Heřmanova 61;Byty Návršní;;3
Byty Perštejnská;Byty Perštejnská;;7
Pernštejnská;Pernštejnská;;7
FINEP CZ;Harfa Park XI;https://www.finep.cz;81
KAMILLE DEVELOPMENT;Bytový dům U Botiče;https://www.bytybotic.cz;11
SATPO;Rezidence Laurová;https://www.satpo.cz;123
BVK;Dům pod Vyšehradem;;14
Hausmannova development;Hausmannka;https://www.hausmannka.cz;10
FINEP CZ;Rezidence U Šárky X;https://www.finep.cz;26
Pitkovický dvůr;Pitkovický dvůr C;https://www.pitkovickydvur.cz;10
Nová Písnice;Nová Písnice;;33
Pražský Barrandov;Rezidence Pod Třešňemi;;3
VESSAN;Duo Hlubočepy;;68
Doma je Doma;Evergreen+;;23
SATPO management;Rezidence Escape;https://www.satpo.cz;250
RS Real Estate;Villa Vintage;https://www.villavintage.cz;27
FINEP CZ;Malý háj XV;https://www.finep.cz;67
ACORD Invest;Věčná Ječná;https://www.vecna-jecna.cz;1
EBM Group;Krčská zahrada;https://www.ebmgroup.cz;30
Glosalia;Malátova 7;;15
Lukris;Vila Domy Stodůlky;;2
Rezidence Bělohorská 277;Rezidence via Carolina;;10
Red Group;Remízek Radlice;https://www.remizekradlice.cz;44
Pražské Rezidence;Rezidence Přemyslovská 24;;19
Real Luxemburg;Rezidence Gutovka;https://www.rezidence-gutovka.cz;26
RINT správa nemovitostí;Perla Limuzská;;13
PELA Invest;Byty Karlín Lofts;https://www.karlinlofts.cz;4
YIT CZ;Toivo Roztyly 1;https://www.yit.cz;88
NIDO Group;Villa Organic;;14
SFG Development;Rezidence architekta Petráka;https://www.luxent.cz;9
CRESTYL real estate;Hagibor II;https://www.hagibor.cz;115
RODOP;Rezidence golf Hostivař;https://www.rezidencegolfhostivar.cz;23
Geosan Development;Rezidence Radimova;;101
Pierwood Capital;Arbor Hlubočepy;;13
EBM Group;Erbenova rezidence;;23
CRESTYL real estate;Semerínka;https://www.semerinka.cz;185
Penta Real Estate;Mocca Rezidence;https://cms.realpad.eu;271
CENTRAL GROUP;Harfa Living - D;;57
BEMETT;Viladomy Čimický háj C2;https://www.premiovebydleni.cz;18
Vivere Real Estate;Ecovilla Uhříněves;https://www.ecovilla.cz;26
UBM Development Czechia;Timber Praha;https://www.arcus-city.cz;48
Cresco Real Estate;So-Ho rezidence 1.etapa;https://www.so-ho.cz;147
Gaudí Development;Harmonia;https://www.gaudi.cz;68
ED Group;Rezidence u Černého koně;;58
BEMETT;Viladomy Čimický háj C1;https://www.premiovebydleni.cz;18
Boutiq Development;Viladomy Dunovského;https://www.boutiq.cz;20
Star Group;Proxima Chabry;https://www.proximachabry.cz;137
FINEP CZ;Byty Britská čtvrť XVII;https://www.finep.cz;98
CENTRAL GROUP;Bohdalecké zahrady;https://central-group.cz;104
Metrostav Development;Viladomy U Mlýna;;42
Pražské Rezidence;Residence u Kanálky 7;;15
CANABA Development;Rezidence Dubeč;;23
GoldenScreen;Rezidence Nový Suchdol;https://rezidence-novysuchdol.cz;15
Top Estates Group;Barrandez-vous II;;48
YIT CZ;Toivo Roztyly 2;https://www.yit.cz;116
VERSITY DEVELOPMENT;Rezidence Stehlíkova;https://www.rezidencestehlikova.com;6
Skanska Residential;D.O.K. Radlice;https://residential.skanska.cz;144
Millennium Palace;Millennium Palace;https://www.millenniumpalace.cz;16
SD Zbraslav;Pod Belvederem Zbraslav;;36
Fetters;Panorama Braník;https://www.panoramabranik.cz;77
Vila U Kola;Šlikova 16;https://www.slikova16.cz;10
BD Sokolovská 454/126, družstvo;Sokolovská 126;;5
DEGROUP;Byty nad jezerem;;86
Park Klamovka;Klamovka Park;;31
Metrostav Development;Byty na Vackově - etapa E;https://byty.navackove.cz;58
Neocity;Simply Prosek;;88
CPI Property Group;Kolbenova park - B;;214
BEMETT;Viladomy Čimický háj B1;https://www.premiovebydleni.cz;20
Rezidence Akademická;Rezidence Akademická;;11
Horizon Holding;Rezidence Blízká DEF;;93
FINEP CZ;Nový Opatov III;https://www.finep.cz;69
Ekoenergdevelopment;Green Chodov;https://www.greenchodov.cz;46
Donova;S7AROKOŠÍŘSKÁ;https://starokosirska.cz;43
BEMETT;Rezidence Radlická vyhlídka;;38
Rezidence Švehlova;Harmony Hostivař;http://www.harmonyhostivar.cz;20
RS Real Estate;Rezidence V2;;57
Neocity / Daramis;Connect Vršovice;;192
Biskupcova 27;Biskupcova 27;;10
Daramis;Prague Marina;https://www.praguemarina.cz;151
FINEP CZ;Nový Opatov II;https://www.finep.cz;65
Nad Kesnerkou;Bytový dům Nad Kesnerkou;;12
CPI Property Group;Žižkovské Zahrady;https://www.zizkovskezahrady.cz;203
EKOSPOL;Ekorezidence Smíchov;;60
CRONESTA DEVELOPMENT;Kolben Gate - Ampér;https://www.kolbengate.cz;63
YIT CZ;RANTA Barrandov IV;https://www.yit.cz;29
Penta Real Estate;Nová Waltrovka F5F6;https://novawaltrovka.cz;60
Hřebenky;Hřebenky;https://www.hrebenky.lexxusnorton.cz;2
PSN;Rezidence Maroldka;https://psn.cz;38
Horizon Holding;Rezidence Blízká ABC;;134
VITKOVIA CENTRUM;Vitkovia Park;https://vitkoviapark.cz;12
CIMEX;M-House;https://www.m-house.cz;63
Dům Holubí;Solis Residence;;25
Penta Real Estate;Žižkov 3.0;https://cms.realpad.eu;94
Dům Kováků 2;U Kováků 2;https://www.kovaku2.cz;14
CS Developia;Michelské údolí 1.etapa;https://www.michelskeudoli.cz;16
UBM Development Czechia;Astrid Garden;;138
ACORD Invest;Residence Fénix;;48
PSN;Backyard Dejvice;https://backyarddejvice.cz;29
CREDITAS Real Estate Management;Rezidence Newton;https://www.creditasre.cz;21
Fyzická osoba;Bartoškova²;;4
Penta Real Estate;Nová Waltrovka F3F4;https://novawaltrovka.cz;58
MS Invest;Rezidence Pod Kotlářkou;https://rezidencepodkotlarkou.cz;80
Geosan Development;Re.Start Petynka;;201
Penta Real Estate;Rezidence Juliska;;79
ACORD Invest;Angelo Roma;;19
CTR Viktoria Center;Viktoria center;;180
Gartal;City Lofts Chodov;https://gartal.cz;111
ACORD Invest;Modera Palace;https://www.moderapalace.cz;52
Broker Consulting;Půdní byty metro Palmovka;;9
PSN;Bydlení na Výšinách;;18
KRR Development;Krymská 31;;93
Real Luxembourg;Rezidence Pod Pekárnami 13;https://www.rezidence-podpekarnami.cz;15
CENTRAL GROUP;Rezidence Parková čtvrť - etapa H;;371
Corwin;Dvory Vysočany;;123
PSN;JITRO;https://vrsovicke-jitro.cz;63
Bidli;Rezidence Hlaváčkova 2. etapa;;40
PSN;Ahoj Vanguard;;95
PSN;Vila Dům na Vinici;https://na-vinici.cz;6
Silver Development;Villa Střížkovská;;12
PSN;Želivského 3;https://api.psn.cz;14
Energo-Pro Real Estate;Bytový dům Leopold;;142
IMMO Building;Residence Topolka;;17
Real Luxembourg;Suchdolská;https://www.suchdolska.cz;6
ACORD Invest;Mansion Majestic;https://mansionmajestic.cz;12
Real Luxembourg;Rezidence Velehradská 24;https://www.velehradska24.cz;19
Penta Real Estate;Nová Waltrovka F7F8F9;https://novawaltrovka.cz;45
KKCG Real Estate Group;Top rezidence Jenerálka;https://www.toprezidence-jeneralka.cz;13
J&T Real Estate;Nový Rohan;;163
Svoboda & Wiliams;Africká;;22
UDI Group;BD Lužiny - Alfa;;199
CREDITAS Real Estate Management;Jateční 35;https://www.creditasre.cz;39
Arezidence;Rezidence Grébovka;;28
ACORD Invest;Čelakovského sady;;9
Gartal;Prime Vršovice;https://gartal.cz;68
CRONESTA DEVELOPMENT;Viladomy Košíře;https://www.viladomykosire.cz;11
Pražské Rezidence;Záhřebská 28;;26
Lesopark Motol;Lesopark Motol;;54
CRESTYL real estate;Hagibor III - Kappa;;253
Pechlátova 50 DEVELOPMENT;garden Lofts;https://www.gardenlofts.cz;22
Cresco Real Estate;So-Ho rezidence 2.etapa;;170
City Home;U Hadovky 11;https://www.city-home.cz;2
UBM Development Czechia;Rezidence Na Plzeňce;;160
ACORD Invest;White Lion Residence;https://whitelionresidence.cz;25
Na Spojce;Na spojce 2;https://cdn.prod.website-files.com;38
Trigema;Lihovar Smíchov - jih;https://www.lihovar.cz;127
CRONESTA DEVELOPMENT;Kolben Gate - Volt;;82
Castle Rock Investments;Boleslavova 3;;15
ACORD Invest;Factory house;;12
Flatbee Capital;Pobřežní 22;;14
RSBC;Rezidence Norská;https://www.rezidencenorska.cz;38
Sekyra Group;Nekázanka 17;https://sekyragroup.cz;2
Čejka Group;Rezidence Šárecká 26;;7
SYNER;MUSE7;https://www.muse7.cz;148
Porta Invest;Rezidence Pod Karlovem;https://podkarlovem.cz;17
ACORD Invest;Cavallo Plaza;;25
Bidli;Rezidence Hlaváčkova;;27
Crescon;Rezidence Starochodovská;https://www.crescon.cz;81
Trigema;Lihovar Smíchov - sever;https://prodej.lihovar-smichov.cz;249
Fidurock;Near Living;https://nearliving.cz;212
JTM Modřany;Rezidence Cikorka;https://rezidencecikorka.cz;12
ACORD Invest;Barrio de Centro;;7
PSN;Vinohradská 160;https://psn.cz;25
Pražské Rezidence;Blanická 15;https://www.blanicka15.cz;11
PSN;Lofty Vanguard;;20
Development Tusarova 41;Tusarova 41;https://cdn.prod.website-files.com;32
Viladům Okružní;Viladům Okružní;https://www.viladumokruzni.cz;16
Real Luxembourg;Musílkova 39;https://www.musilkova39.cz;14
CS Developia;Michelské údolí 2.etapa;https://www.michelskeudoli.cz;25
Real Luxembourg;Kolmá 5;;20
KKCG Real Estate Group;Top Rezidence Pomezí - vily;;5
Karlín Group;ZigZag Haus;;75
Hostivařská developerská;Rezidence Petřiny;;26
PSN;Heřmanova 24;;12
Ovenecká 9;Ovenecká 9;https://cdn.prod.website-files.com;67
HOME BY ZEITGEIST;Residence Uvoz 26;https://www.uvoz26.cz;9
Blahobyty;Garsonky Jiřák;https://garsonky-jirak.cz;37
FUSION DEVELOPMENT;Pernerova 31;http://www.pernerova31.cz;5
Svoboda & Williams;Nad Sokolovnou 3;;5
Clamor;Rezidence Staropramenná;https://www.rezidencestaropramenna.cz;58
MORAVIANNA;Moravianna;;26
Sekyra Group;Smíchov City - SM8;;113
C&S Developia;HOYT Zenklova A;https://www.hoyt.cz;27
Sotheby's realty;Hanspaulka Living;;7
NIC projekt 3;Rezidence Královská;https://www.rezidencekralovska.cz;24
JRD Development;Rezidence Bella Vista;;26
CC Real;Rezidence Pod Hřebenkou;https://www.podhrebenkou.cz;29
OPBH Development;Vila Clemance;;6
CPI Property Group;Delarg;https://www.delarg.cz;45
Palác Dlouhá;Palác Dlouhá;;10
Rezidence Bellecour;Rezidence Bellecour;http://www.bellecour.cz;5
TKC Group;Mánesova 82;https://www.manesova82.cz;21
Svoboda & Williams;Villa Gallery;;9
Sekyra Group;Vision Karlín;https://sekyragroup.cz;1
Ikonix;Konstanta Karlín;;43
Czech Buildings;Českomalínská;;2
Boutiq Development;Rezidence Křižíkova 93;https://www.boutiq.cz;10
SATPO;Rezidence PO7SKÁ;https://www.satpo.cz;17
NOVA ET VETERA;Chodská 28;;20
Penta Real Estate / Kaprain Real Estate;Victoria Palace;;35
Římská 34;Římská 34;https://download.svoboda-williams.com;8
Sekyra Group;Diamanty Karlín;https://sekyragroup.cz;3
Real-Treuhand Reality;Rezidence Vyšehradská 33;https://vysehradska33.cz;32
Signature Living;Vinohradská 67;;41
Rezidence Žitná;Rezidence Žitná;https://rezidence-zitna.cz;38
BAU-INVEST PROJECT;Linea Pura;https://www.linea-pura.cz;75
Slavíkova 6;Slavíkova 6;https://cdn.prod.website-files.com;24
Polská 52;Polská 52;https://cdn.prod.website-files.com;21
Penta Real Estate;Vila Chittussi;;13
AND Vila Na Cihlářce;Vila EPOQUE;https://svoboda-williams.com;5
WP 7;Valdštejnské náměstí VII;https://www.lexxus.cz;16
Gartal;Moje Kubáň;;36
Lynch Develop;Galerie Heřmanova;https://galeriehermanova.cz;5
REKO;Villa Apus;;59
Coast Capital Partners;Chateau Troja residence;;1
VP Developers;Rezidence Sobín;;6
EURO DEVELOPMENT;Domy Praha - Štěrboholy;;13
EURO DEVELOPMENT;Domy Praha - Cholupice;;15
EURO DEVELOPMENT;Domy Praha - Jahodnice;;29
EURO DEVELOPMENT;Domy Praha - Královice;;7
SATPO;Holečkova House;;8
INDENEX INVESTMENT;Doma u Rokytky;https://domaurokytky.cz;3
Natland Real Estate;Bubeneč Gardens;https://www.bubenec-gardens.cz;5
Natland Real Estate;Rezidence Harfistka;https://www.rezidenceharfistka.cz;150
Helénska Residence;Rezidence Helenika;https://drive.google.com;2
RP Invest;Sudoměřská 23;https://www.sudomerska23.cz;28
KARIMPOL INTERNATIONAL;Rezidence Gotthardská;https://www.rezidencegotthardska.cz;12
Bidli;Jankovcova 18;http://www.jankovcova18.cz;95
Premiot Group;Skalka;https://skalka-praha5.cz;19
Artbud;Rezidence Podolí;;35
YIT CZ;Koti Libeň;;12
EURO DEVELOPMENT;Domy Praha - Březiněves;https://www.euro-development.cz;24
ČSNF SICAV;Bytový dům Královice;;15
Rezidence Sadová;Rezidence Sadová;;6
SLÁDEK GROUP;CATHA 1;https://www.bytykaterinky.cz;30
PDM Group;Citadela 16;https://www.citadela16.cz;16
SLÁDEK GROUP;CATHA 2;https://www.bytykaterinky.cz;28
Y&T Luxury Property Prague;Chateau Savoy;https://www.luxusni-bydleni-praha.com;18
Green Property;Rezidence Plzeňská 39;https://www.greenproperty.cz;4
Velska;4U Living;https://www.4uliving.cz;1
SATPO;Rezidence Kobrova;;15
SATPO;Vitality Rezidence;;50
NOVÉ KRÁLOVICE;Nové Královice II;https://www.novekralovice.cz;16
NOVÉ KRÁLOVICE;Nové Královice I;https://www.novekralovice.cz;10
BCD Group;Inspirace nad Rokytkou;;76
EURO DEVELOPMENT;Domy Praha - Vinoř;https://www.euro-development.cz;8
RP Invest;Hradešinská residence;https://hradesinskaresidence.cz;13
Apartmány Radlická;Nad Laurovou;;9
BAK Development;Mařatkova 5;;6
Eclipta;Rezidence Hansfalkovský dvůr;https://www.hansfalkovskydvur.cz;90
Praxidike;Viladům Záběhlická;;28
Svoboda & Wiliams;Vyšehrad 612;;25
New Square Associates;Břevnovská Závěrka;https://www.brevnovskazaverka.cz;35
PSN;Rezidence U Sv. Štěpána;https://usvstepana.cz;33
Panorama Letňany;Panorama Letňany;;34
CRONESTA DEVELOPMENT;Vily Košíře;https://vilykosire.cz;3
K2 Holding;Rezidence Zabelity;;233
Dolfin Homes;Plzeňská 171;;20
General Property XII;SKY DREAM Hřebenky;https://www.skydreamhrebenky.cz;4
IMMO Building;Rezidence Dejvice;;19
SGF Development;Rezidence Na Brabenci;https://rezidence-nabrabenci.cz;1
Real Luxembourg;V Zahradách 17;;22
Real Luxembourg;Rezidence Gutovka;;
Janovská 777;Mira Petrovice;;
